{"cameraMode":{"drawMode":0,"name":"Shaded","section":"Shading Mode"},"sceneLighting":true,"audioPlay":false,"sceneViewState":{"m_AlwaysRefresh":false,"showFog":true,"showSkybox":true,"showFlares":true,"showImageEffects":true,"showParticleSystems":true,"showVisualEffectGraphs":true,"m_FxEnabled":true},"in2DMode":false,"pivot":{"x":350.6731262207031,"y":421.8914794921875,"z":-881.1257934570313},"rotation":{"x":0.013925490900874138,"y":0.043985988944768909,"z":-0.004297893028706312,"w":0.9999447464942932},"size":1.3856407403945923,"orthographic":false}