{"cameraMode":{"drawMode":0,"name":"Shaded","section":"Shading Mode"},"sceneLighting":true,"audioPlay":false,"sceneViewState":{"m_AlwaysRefresh":false,"showFog":true,"showSkybox":true,"showFlares":true,"showImageEffects":true,"showParticleSystems":true,"showVisualEffectGraphs":true,"m_FxEnabled":true},"in2DMode":false,"pivot":{"x":-15.823822021484375,"y":2.4599664211273195,"z":9.539156913757325},"rotation":{"x":0.02025473117828369,"y":0.6252457499504089,"z":0.0063855089247226719,"w":-0.7811282277107239},"size":3.352123498916626,"orthographic":false}