{"cameraMode":{"drawMode":0,"name":"Shaded","section":"Shading Mode"},"sceneLighting":true,"audioPlay":false,"sceneViewState":{"m_AlwaysRefresh":false,"showFog":true,"showSkybox":true,"showFlares":true,"showImageEffects":true,"showParticleSystems":true,"showVisualEffectGraphs":true,"m_FxEnabled":true},"in2DMode":false,"pivot":{"x":-41.20697784423828,"y":-91.39192199707031,"z":357.1484069824219},"rotation":{"x":-0.11552038043737412,"y":0.0232534259557724,"z":-0.0027101351879537107,"w":-0.9930374622344971},"size":172.11312866210938,"orthographic":false}