{"cameraMode":{"drawMode":0,"name":"Shaded","section":"Shading Mode"},"sceneLighting":true,"audioPlay":false,"sceneViewState":{"m_AlwaysRefresh":false,"showFog":true,"showSkybox":true,"showFlares":true,"showImageEffects":true,"showParticleSystems":true,"showVisualEffectGraphs":true,"m_FxEnabled":true},"in2DMode":false,"pivot":{"x":-31.552942276000978,"y":14.812849044799805,"z":-5.7662200927734379},"rotation":{"x":-0.022160371765494348,"y":-0.7979450821876526,"z":0.029905591160058976,"w":-0.6023896932601929},"size":2.9374544620513918,"orthographic":false}