{"cameraMode":{"drawMode":0,"name":"Shaded","section":"Shading Mode"},"sceneLighting":true,"audioPlay":false,"sceneViewState":{"m_AlwaysRefresh":false,"showFog":true,"showSkybox":true,"showFlares":true,"showImageEffects":true,"showParticleSystems":true,"showVisualEffectGraphs":true,"m_FxEnabled":true},"in2DMode":false,"pivot":{"x":8.781418800354004,"y":-14.759058952331543,"z":122.94117736816406},"rotation":{"x":-0.007247020024806261,"y":-0.9882358908653259,"z":0.15144270658493043,"w":-0.044364120811223987},"size":1.8200873136520386,"orthographic":false}