{"cameraMode":{"drawMode":0,"name":"Shaded","section":"Shading Mode"},"sceneLighting":true,"audioPlay":false,"sceneViewState":{"m_AlwaysRefresh":false,"showFog":true,"showSkybox":true,"showFlares":true,"showImageEffects":true,"showParticleSystems":true,"showVisualEffectGraphs":true,"m_FxEnabled":true},"in2DMode":false,"pivot":{"x":-0.1899731159210205,"y":4.590607166290283,"z":-4.315146446228027},"rotation":{"x":-0.16642160713672639,"y":-0.013951017521321774,"z":0.003325503785163164,"w":-0.9868384003639221},"size":1.2247449159622193,"orthographic":false}