{"cameraMode":{"drawMode":0,"name":"Shaded","section":"Shading Mode"},"sceneLighting":true,"audioPlay":false,"sceneViewState":{"m_AlwaysRefresh":false,"showFog":true,"showSkybox":true,"showFlares":true,"showImageEffects":true,"showParticleSystems":true,"showVisualEffectGraphs":true,"m_FxEnabled":true},"in2DMode":false,"pivot":{"x":-8.532480239868164,"y":-12.35366439819336,"z":26.876951217651368},"rotation":{"x":0.018971122801303865,"y":0.6325667500495911,"z":-0.016640393063426019,"w":0.7747394442558289},"size":2.9374544620513918,"orthographic":false}