{"cameraMode":{"drawMode":0,"name":"Shaded","section":"Shading Mode"},"sceneLighting":true,"audioPlay":false,"sceneViewState":{"m_AlwaysRefresh":false,"showFog":true,"showSkybox":true,"showFlares":true,"showImageEffects":true,"showParticleSystems":true,"showVisualEffectGraphs":true,"m_FxEnabled":true},"in2DMode":false,"pivot":{"x":16.73434066772461,"y":3.066513776779175,"z":6.283588886260986},"rotation":{"x":0.056194234639406207,"y":-0.7214381694793701,"z":0.054971855133771899,"w":0.689195990562439},"size":0.8660253882408142,"orthographic":false}