{"cameraMode":{"drawMode":0,"name":"Shaded","section":"Shading Mode"},"sceneLighting":true,"audioPlay":false,"sceneViewState":{"m_AlwaysRefresh":false,"showFog":true,"showSkybox":true,"showFlares":true,"showImageEffects":true,"showParticleSystems":true,"showVisualEffectGraphs":true,"m_FxEnabled":true},"in2DMode":false,"pivot":{"x":-5.338939189910889,"y":0.09926341474056244,"z":10.446889877319336},"rotation":{"x":0.0490749217569828,"y":-0.6433214545249939,"z":0.03905152529478073,"w":0.763502836227417},"size":10.032343864440918,"orthographic":false}