{"cameraMode":{"drawMode":0,"name":"Shaded","section":"Shading Mode"},"sceneLighting":true,"audioPlay":false,"sceneViewState":{"m_AlwaysRefresh":false,"showFog":true,"showSkybox":true,"showFlares":true,"showImageEffects":true,"showParticleSystems":true,"showVisualEffectGraphs":true,"m_FxEnabled":true},"in2DMode":false,"pivot":{"x":1191.9918212890625,"y":642.2625122070313,"z":-1219.5457763671875},"rotation":{"x":0.08130710572004318,"y":-0.18248356878757478,"z":0.015157634392380715,"w":0.9797331094741821},"size":126.47362518310547,"orthographic":false}